date,service_id,service_name,category_id,base_price,discount_amount,discount_from,discount_to,day_of_week,is_weekend,promotion_count,discount_flag,booking_count,price
2025-03-03,9,Cắt Tỉa 6 Sao,9,1000000.0,100000.0,2025-02-06,2025-02-20,0,0,0,0,0.0,1000000.0
2025-03-03,12,Phẫu Thuật Tại Gia,4,1000000.0,20000.0,2025-02-06,2025-02-27,0,0,0,0,0.0,1000000.0
2025-03-03,15,Cắt Tóc Tại Chuồng,0,200000.0,20000.0,2025-03-17,2025-03-18,0,0,0,0,0.0,200000.0
2025-03-03,11,Nutritional counseling,6,120000.0,0.0,1900-01-01,1900-01-01,0,0,0,0,0.0,120000.0
2025-03-03,10,Deworming,6,140000.0,0.0,1900-01-01,1900-01-01,0,0,0,0,0.0,140000.0
2025-03-03,6,Dermatology services,6,140000.0,0.0,1900-01-01,1900-01-01,0,0,0,0,0.0,140000.0
2025-03-03,14,Làm Spa 4 Sao,0,521000.0,20000.0,2025-03-15,2025-04-05,0,0,0,0,0.0,521000.0
2025-03-03,19,test lại xem ok chưa nhỉ?,5,100.0,100.0,2025-03-11,2025-06-17,0,0,0,0,0.0,100.0
2025-03-03,13,uiiaiuiiaiiuiiaiuiia,5,1000000.0,100.0,2025-03-11,2025-06-17,0,0,0,0,0.0,1000000.0
2025-03-03,18,Grooming ,8,140000.0,0.0,2025-03-05,2025-04-05,0,0,0,0,0.0,140000.0
2025-03-03,7,AAAAAAAAAAA,5,10000.0,1000.0,2025-03-11,2025-03-17,0,0,0,0,0.0,10000.0
2025-03-03,4,string,0,110.0,0.0,1900-01-01,1900-01-01,0,0,0,0,0.0,110.0
2025-03-03,5,Phẫu Thuật Lấy Liền,4,500000.0,0.0,1900-01-01,1900-01-01,0,0,0,0,0.0,500000.0
2025-03-03,1,1,0,1.0,7.0,2025-03-04,2025-03-03,0,0,0,0,0.0,1.0
2025-03-03,3,tỉa lông tại tiệm,6,40.0,7.0,2025-03-04,2025-03-05,0,0,0,0,0.0,40.0
2025-03-03,16,Spa Hạng Sang,0,900000.0,0.0,1900-01-01,1900-01-01,0,0,0,0,0.0,900000.0
2025-03-03,2,General health check-up,3,70000.0,0.0,1900-01-01,1900-01-01,0,0,0,0,0.0,70000.0
2025-03-03,0,Ophthalmology services,3,100000.0,0.0,1900-01-01,1900-01-01,0,0,0,0,0.0,100000.0
2025-03-03,17,Chăm Sóc Tại Gia,7,30000.0,1.0,2025-02-04,2025-02-27,0,0,0,0,0.0,30000.0
2025-03-03,20,Cat Nail Trims,2,45000.0,0.0,1900-01-01,1900-01-01,0,0,0,0,0.0,45000.0
2025-03-03,8,ho van loc an,1,30000.0,5.0,2025-03-04,2025-03-29,0,0,0,0,0.0,30000.0
2025-03-04,9,Cắt Tỉa 6 Sao,9,1000000.0,100000.0,2025-02-06,2025-02-20,1,0,0,0,0.0,1000000.0
2025-03-04,12,Phẫu Thuật Tại Gia,4,1000000.0,20000.0,2025-02-06,2025-02-27,1,0,0,0,0.0,1000000.0
2025-03-04,15,Cắt Tóc Tại Chuồng,0,200000.0,20000.0,2025-03-17,2025-03-18,1,0,0,0,0.0,200000.0
2025-03-04,11,Nutritional counseling,6,120000.0,0.0,1900-01-01,1900-01-01,1,0,0,0,0.0,120000.0
2025-03-04,10,Deworming,6,140000.0,0.0,1900-01-01,1900-01-01,1,0,0,0,0.0,140000.0
2025-03-04,6,Dermatology services,6,140000.0,0.0,1900-01-01,1900-01-01,1,0,0,0,0.0,140000.0
2025-03-04,14,Làm Spa 4 Sao,0,521000.0,20000.0,2025-03-15,2025-04-05,1,0,0,0,0.0,521000.0
2025-03-04,19,test lại xem ok chưa nhỉ?,5,100.0,100.0,2025-03-11,2025-06-17,1,0,0,0,0.0,100.0
2025-03-04,13,uiiaiuiiaiiuiiaiuiia,5,1000000.0,100.0,2025-03-11,2025-06-17,1,0,0,0,0.0,1000000.0
2025-03-04,18,Grooming ,8,140000.0,0.0,2025-03-05,2025-04-05,1,0,0,0,0.0,140000.0
2025-03-04,7,AAAAAAAAAAA,5,10000.0,1000.0,2025-03-11,2025-03-17,1,0,0,0,0.0,10000.0
2025-03-04,4,string,0,110.0,0.0,1900-01-01,1900-01-01,1,0,0,0,0.0,110.0
2025-03-04,5,Phẫu Thuật Lấy Liền,4,500000.0,0.0,1900-01-01,1900-01-01,1,0,0,0,0.0,500000.0
2025-03-04,1,1,0,1.0,7.0,2025-03-04,2025-03-03,1,0,0,0,0.0,1.0
2025-03-04,3,tỉa lông tại tiệm,6,40.0,7.0,2025-03-04,2025-03-05,1,0,0,1,0.0,33.0
2025-03-04,16,Spa Hạng Sang,0,900000.0,0.0,1900-01-01,1900-01-01,1,0,0,0,0.0,900000.0
2025-03-04,2,General health check-up,3,70000.0,0.0,1900-01-01,1900-01-01,1,0,0,0,0.0,70000.0
2025-03-04,0,Ophthalmology services,3,100000.0,0.0,1900-01-01,1900-01-01,1,0,0,0,0.0,100000.0
2025-03-04,17,Chăm Sóc Tại Gia,7,30000.0,1.0,2025-02-04,2025-02-27,1,0,0,0,0.0,30000.0
2025-03-04,20,Cat Nail Trims,2,45000.0,0.0,1900-01-01,1900-01-01,1,0,0,0,0.0,45000.0
2025-03-04,8,ho van loc an,1,30000.0,5.0,2025-03-04,2025-03-29,1,0,0,1,0.0,29995.0
2025-03-05,9,Cắt Tỉa 6 Sao,9,1000000.0,100000.0,2025-02-06,2025-02-20,2,0,0,0,0.0,1000000.0
2025-03-05,12,Phẫu Thuật Tại Gia,4,1000000.0,20000.0,2025-02-06,2025-02-27,2,0,0,0,0.0,1000000.0
2025-03-05,15,Cắt Tóc Tại Chuồng,0,200000.0,20000.0,2025-03-17,2025-03-18,2,0,0,0,0.0,200000.0
2025-03-05,11,Nutritional counseling,6,120000.0,0.0,1900-01-01,1900-01-01,2,0,0,0,0.0,120000.0
2025-03-05,10,Deworming,6,140000.0,0.0,1900-01-01,1900-01-01,2,0,0,0,0.0,140000.0
2025-03-05,6,Dermatology services,6,140000.0,0.0,1900-01-01,1900-01-01,2,0,0,0,0.0,140000.0
2025-03-05,14,Làm Spa 4 Sao,0,521000.0,20000.0,2025-03-15,2025-04-05,2,0,0,0,0.0,521000.0
2025-03-05,19,test lại xem ok chưa nhỉ?,5,100.0,100.0,2025-03-11,2025-06-17,2,0,0,0,0.0,100.0
2025-03-05,13,uiiaiuiiaiiuiiaiuiia,5,1000000.0,100.0,2025-03-11,2025-06-17,2,0,0,0,0.0,1000000.0
2025-03-05,18,Grooming ,8,140000.0,0.0,2025-03-05,2025-04-05,2,0,0,1,0.0,140000.0
2025-03-05,7,AAAAAAAAAAA,5,10000.0,1000.0,2025-03-11,2025-03-17,2,0,0,0,0.0,10000.0
2025-03-05,4,string,0,110.0,0.0,1900-01-01,1900-01-01,2,0,0,0,0.0,110.0
2025-03-05,5,Phẫu Thuật Lấy Liền,4,500000.0,0.0,1900-01-01,1900-01-01,2,0,0,0,0.0,500000.0
2025-03-05,1,1,0,1.0,7.0,2025-03-04,2025-03-03,2,0,0,0,0.0,1.0
2025-03-05,3,tỉa lông tại tiệm,6,40.0,7.0,2025-03-04,2025-03-05,2,0,0,1,0.0,33.0
2025-03-05,16,Spa Hạng Sang,0,900000.0,0.0,1900-01-01,1900-01-01,2,0,0,0,0.0,900000.0
2025-03-05,2,General health check-up,3,70000.0,0.0,1900-01-01,1900-01-01,2,0,0,0,0.0,70000.0
2025-03-05,0,Ophthalmology services,3,100000.0,0.0,1900-01-01,1900-01-01,2,0,0,0,0.0,100000.0
2025-03-05,17,Chăm Sóc Tại Gia,7,30000.0,1.0,2025-02-04,2025-02-27,2,0,0,0,0.0,30000.0
2025-03-05,20,Cat Nail Trims,2,45000.0,0.0,1900-01-01,1900-01-01,2,0,0,0,0.0,45000.0
2025-03-05,8,ho van loc an,1,30000.0,5.0,2025-03-04,2025-03-29,2,0,0,1,0.0,29995.0
2025-03-06,9,Cắt Tỉa 6 Sao,9,1000000.0,100000.0,2025-02-06,2025-02-20,3,0,0,0,0.0,1000000.0
2025-03-06,12,Phẫu Thuật Tại Gia,4,1000000.0,20000.0,2025-02-06,2025-02-27,3,0,0,0,0.0,1000000.0
2025-03-06,15,Cắt Tóc Tại Chuồng,0,200000.0,20000.0,2025-03-17,2025-03-18,3,0,0,0,0.0,200000.0
2025-03-06,11,Nutritional counseling,6,120000.0,0.0,1900-01-01,1900-01-01,3,0,0,0,0.0,120000.0
2025-03-06,10,Deworming,6,140000.0,0.0,1900-01-01,1900-01-01,3,0,0,0,0.0,140000.0
2025-03-06,6,Dermatology services,6,140000.0,0.0,1900-01-01,1900-01-01,3,0,0,0,0.0,140000.0
2025-03-06,14,Làm Spa 4 Sao,0,521000.0,20000.0,2025-03-15,2025-04-05,3,0,0,0,0.0,521000.0
2025-03-06,19,test lại xem ok chưa nhỉ?,5,100.0,100.0,2025-03-11,2025-06-17,3,0,0,0,0.0,100.0
2025-03-06,13,uiiaiuiiaiiuiiaiuiia,5,1000000.0,100.0,2025-03-11,2025-06-17,3,0,0,0,0.0,1000000.0
2025-03-06,18,Grooming ,8,140000.0,0.0,2025-03-05,2025-04-05,3,0,0,1,0.0,140000.0
2025-03-06,7,AAAAAAAAAAA,5,10000.0,1000.0,2025-03-11,2025-03-17,3,0,0,0,0.0,10000.0
2025-03-06,4,string,0,110.0,0.0,1900-01-01,1900-01-01,3,0,0,0,0.0,110.0
2025-03-06,5,Phẫu Thuật Lấy Liền,4,500000.0,0.0,1900-01-01,1900-01-01,3,0,0,0,0.0,500000.0
2025-03-06,1,1,0,1.0,7.0,2025-03-04,2025-03-03,3,0,0,0,0.0,1.0
2025-03-06,3,tỉa lông tại tiệm,6,40.0,7.0,2025-03-04,2025-03-05,3,0,0,0,0.0,40.0
2025-03-06,16,Spa Hạng Sang,0,900000.0,0.0,1900-01-01,1900-01-01,3,0,0,0,0.0,900000.0
2025-03-06,2,General health check-up,3,70000.0,0.0,1900-01-01,1900-01-01,3,0,0,0,0.0,70000.0
2025-03-06,0,Ophthalmology services,3,100000.0,0.0,1900-01-01,1900-01-01,3,0,0,0,0.0,100000.0
2025-03-06,17,Chăm Sóc Tại Gia,7,30000.0,1.0,2025-02-04,2025-02-27,3,0,0,0,0.0,30000.0
2025-03-06,20,Cat Nail Trims,2,45000.0,0.0,1900-01-01,1900-01-01,3,0,0,0,0.0,45000.0
2025-03-06,8,ho van loc an,1,30000.0,5.0,2025-03-04,2025-03-29,3,0,0,1,0.0,29995.0
2025-03-07,9,Cắt Tỉa 6 Sao,9,1000000.0,100000.0,2025-02-06,2025-02-20,4,0,0,0,0.0,1000000.0
2025-03-07,12,Phẫu Thuật Tại Gia,4,1000000.0,20000.0,2025-02-06,2025-02-27,4,0,0,0,0.0,1000000.0
2025-03-07,15,Cắt Tóc Tại Chuồng,0,200000.0,20000.0,2025-03-17,2025-03-18,4,0,0,0,0.0,200000.0
2025-03-07,11,Nutritional counseling,6,120000.0,0.0,1900-01-01,1900-01-01,4,0,0,0,0.0,120000.0
2025-03-07,10,Deworming,6,140000.0,0.0,1900-01-01,1900-01-01,4,0,0,0,0.0,140000.0
2025-03-07,6,Dermatology services,6,140000.0,0.0,1900-01-01,1900-01-01,4,0,0,0,0.0,140000.0
2025-03-07,14,Làm Spa 4 Sao,0,521000.0,20000.0,2025-03-15,2025-04-05,4,0,0,0,0.0,521000.0
2025-03-07,19,test lại xem ok chưa nhỉ?,5,100.0,100.0,2025-03-11,2025-06-17,4,0,0,0,0.0,100.0
2025-03-07,13,uiiaiuiiaiiuiiaiuiia,5,1000000.0,100.0,2025-03-11,2025-06-17,4,0,0,0,0.0,1000000.0
2025-03-07,18,Grooming ,8,140000.0,0.0,2025-03-05,2025-04-05,4,0,0,1,0.0,140000.0
2025-03-07,7,AAAAAAAAAAA,5,10000.0,1000.0,2025-03-11,2025-03-17,4,0,0,0,0.0,10000.0
2025-03-07,4,string,0,110.0,0.0,1900-01-01,1900-01-01,4,0,0,0,0.0,110.0
2025-03-07,5,Phẫu Thuật Lấy Liền,4,500000.0,0.0,1900-01-01,1900-01-01,4,0,0,0,0.0,500000.0
2025-03-07,1,1,0,1.0,7.0,2025-03-04,2025-03-03,4,0,0,0,0.0,1.0
2025-03-07,3,tỉa lông tại tiệm,6,40.0,7.0,2025-03-04,2025-03-05,4,0,0,0,0.0,40.0
2025-03-07,16,Spa Hạng Sang,0,900000.0,0.0,1900-01-01,1900-01-01,4,0,0,0,0.0,900000.0
2025-03-07,2,General health check-up,3,70000.0,0.0,1900-01-01,1900-01-01,4,0,0,0,0.0,70000.0
2025-03-07,0,Ophthalmology services,3,100000.0,0.0,1900-01-01,1900-01-01,4,0,0,0,0.0,100000.0
2025-03-07,17,Chăm Sóc Tại Gia,7,30000.0,1.0,2025-02-04,2025-02-27,4,0,0,0,0.0,30000.0
2025-03-07,20,Cat Nail Trims,2,45000.0,0.0,1900-01-01,1900-01-01,4,0,0,0,0.0,45000.0
2025-03-07,8,ho van loc an,1,30000.0,5.0,2025-03-04,2025-03-29,4,0,0,1,0.0,29995.0
2025-03-08,9,Cắt Tỉa 6 Sao,9,1000000.0,100000.0,2025-02-06,2025-02-20,5,1,0,0,0.0,1000000.0
2025-03-08,12,Phẫu Thuật Tại Gia,4,1000000.0,20000.0,2025-02-06,2025-02-27,5,1,0,0,0.0,1000000.0
2025-03-08,15,Cắt Tóc Tại Chuồng,0,200000.0,20000.0,2025-03-17,2025-03-18,5,1,0,0,0.0,200000.0
2025-03-08,11,Nutritional counseling,6,120000.0,0.0,1900-01-01,1900-01-01,5,1,0,0,0.0,120000.0
2025-03-08,10,Deworming,6,140000.0,0.0,1900-01-01,1900-01-01,5,1,0,0,0.0,140000.0
2025-03-08,6,Dermatology services,6,140000.0,0.0,1900-01-01,1900-01-01,5,1,0,0,0.0,140000.0
2025-03-08,14,Làm Spa 4 Sao,0,521000.0,20000.0,2025-03-15,2025-04-05,5,1,0,0,0.0,521000.0
2025-03-08,19,test lại xem ok chưa nhỉ?,5,100.0,100.0,2025-03-11,2025-06-17,5,1,0,0,0.0,100.0
2025-03-08,13,uiiaiuiiaiiuiiaiuiia,5,1000000.0,100.0,2025-03-11,2025-06-17,5,1,0,0,0.0,1000000.0
2025-03-08,18,Grooming ,8,140000.0,0.0,2025-03-05,2025-04-05,5,1,0,1,0.0,140000.0
2025-03-08,7,AAAAAAAAAAA,5,10000.0,1000.0,2025-03-11,2025-03-17,5,1,0,0,0.0,10000.0
2025-03-08,4,string,0,110.0,0.0,1900-01-01,1900-01-01,5,1,0,0,0.0,110.0
2025-03-08,5,Phẫu Thuật Lấy Liền,4,500000.0,0.0,1900-01-01,1900-01-01,5,1,0,0,0.0,500000.0
2025-03-08,1,1,0,1.0,7.0,2025-03-04,2025-03-03,5,1,0,0,0.0,1.0
2025-03-08,3,tỉa lông tại tiệm,6,40.0,7.0,2025-03-04,2025-03-05,5,1,0,0,0.0,40.0
2025-03-08,16,Spa Hạng Sang,0,900000.0,0.0,1900-01-01,1900-01-01,5,1,0,0,0.0,900000.0
2025-03-08,2,General health check-up,3,70000.0,0.0,1900-01-01,1900-01-01,5,1,0,0,0.0,70000.0
2025-03-08,0,Ophthalmology services,3,100000.0,0.0,1900-01-01,1900-01-01,5,1,0,0,0.0,100000.0
2025-03-08,17,Chăm Sóc Tại Gia,7,30000.0,1.0,2025-02-04,2025-02-27,5,1,0,0,0.0,30000.0
2025-03-08,20,Cat Nail Trims,2,45000.0,0.0,1900-01-01,1900-01-01,5,1,0,0,0.0,45000.0
2025-03-08,8,ho van loc an,1,30000.0,5.0,2025-03-04,2025-03-29,5,1,0,1,0.0,29995.0
2025-03-09,9,Cắt Tỉa 6 Sao,9,1000000.0,100000.0,2025-02-06,2025-02-20,6,1,0,0,0.0,1000000.0
2025-03-09,12,Phẫu Thuật Tại Gia,4,1000000.0,20000.0,2025-02-06,2025-02-27,6,1,0,0,0.0,1000000.0
2025-03-09,15,Cắt Tóc Tại Chuồng,0,200000.0,20000.0,2025-03-17,2025-03-18,6,1,0,0,0.0,200000.0
2025-03-09,11,Nutritional counseling,6,120000.0,0.0,1900-01-01,1900-01-01,6,1,0,0,0.0,120000.0
2025-03-09,10,Deworming,6,140000.0,0.0,1900-01-01,1900-01-01,6,1,0,0,0.0,140000.0
2025-03-09,6,Dermatology services,6,140000.0,0.0,1900-01-01,1900-01-01,6,1,0,0,0.0,140000.0
2025-03-09,14,Làm Spa 4 Sao,0,521000.0,20000.0,2025-03-15,2025-04-05,6,1,0,0,0.0,521000.0
2025-03-09,19,test lại xem ok chưa nhỉ?,5,100.0,100.0,2025-03-11,2025-06-17,6,1,0,0,0.0,100.0
2025-03-09,13,uiiaiuiiaiiuiiaiuiia,5,1000000.0,100.0,2025-03-11,2025-06-17,6,1,0,0,0.0,1000000.0
2025-03-09,18,Grooming ,8,140000.0,0.0,2025-03-05,2025-04-05,6,1,0,1,0.0,140000.0
2025-03-09,7,AAAAAAAAAAA,5,10000.0,1000.0,2025-03-11,2025-03-17,6,1,0,0,0.0,10000.0
2025-03-09,4,string,0,110.0,0.0,1900-01-01,1900-01-01,6,1,0,0,0.0,110.0
2025-03-09,5,Phẫu Thuật Lấy Liền,4,500000.0,0.0,1900-01-01,1900-01-01,6,1,0,0,0.0,500000.0
2025-03-09,1,1,0,1.0,7.0,2025-03-04,2025-03-03,6,1,0,0,0.0,1.0
2025-03-09,3,tỉa lông tại tiệm,6,40.0,7.0,2025-03-04,2025-03-05,6,1,0,0,0.0,40.0
2025-03-09,16,Spa Hạng Sang,0,900000.0,0.0,1900-01-01,1900-01-01,6,1,0,0,0.0,900000.0
2025-03-09,2,General health check-up,3,70000.0,0.0,1900-01-01,1900-01-01,6,1,0,0,0.0,70000.0
2025-03-09,0,Ophthalmology services,3,100000.0,0.0,1900-01-01,1900-01-01,6,1,0,0,0.0,100000.0
2025-03-09,17,Chăm Sóc Tại Gia,7,30000.0,1.0,2025-02-04,2025-02-27,6,1,0,0,0.0,30000.0
2025-03-09,20,Cat Nail Trims,2,45000.0,0.0,1900-01-01,1900-01-01,6,1,0,0,0.0,45000.0
2025-03-09,8,ho van loc an,1,30000.0,5.0,2025-03-04,2025-03-29,6,1,0,1,0.0,29995.0
2025-03-10,9,Cắt Tỉa 6 Sao,9,1000000.0,100000.0,2025-02-06,2025-02-20,0,0,0,0,1.0,1000000.0
2025-03-10,12,Phẫu Thuật Tại Gia,4,1000000.0,20000.0,2025-02-06,2025-02-27,0,0,0,0,1.0,1000000.0
2025-03-10,15,Cắt Tóc Tại Chuồng,0,200000.0,20000.0,2025-03-17,2025-03-18,0,0,0,0,0.0,200000.0
2025-03-10,11,Nutritional counseling,6,120000.0,0.0,1900-01-01,1900-01-01,0,0,0,0,0.0,120000.0
2025-03-10,10,Deworming,6,140000.0,0.0,1900-01-01,1900-01-01,0,0,0,0,0.0,140000.0
2025-03-10,6,Dermatology services,6,140000.0,0.0,1900-01-01,1900-01-01,0,0,0,0,0.0,140000.0
2025-03-10,14,Làm Spa 4 Sao,0,521000.0,20000.0,2025-03-15,2025-04-05,0,0,0,0,0.0,521000.0
2025-03-10,19,test lại xem ok chưa nhỉ?,5,100.0,100.0,2025-03-11,2025-06-17,0,0,0,0,0.0,100.0
2025-03-10,13,uiiaiuiiaiiuiiaiuiia,5,1000000.0,100.0,2025-03-11,2025-06-17,0,0,0,0,0.0,1000000.0
2025-03-10,18,Grooming ,8,140000.0,0.0,2025-03-05,2025-04-05,0,0,0,1,0.0,140000.0
2025-03-10,7,AAAAAAAAAAA,5,10000.0,1000.0,2025-03-11,2025-03-17,0,0,0,0,0.0,10000.0
2025-03-10,4,string,0,110.0,0.0,1900-01-01,1900-01-01,0,0,0,0,0.0,110.0
2025-03-10,5,Phẫu Thuật Lấy Liền,4,500000.0,0.0,1900-01-01,1900-01-01,0,0,0,0,0.0,500000.0
2025-03-10,1,1,0,1.0,7.0,2025-03-04,2025-03-03,0,0,0,0,0.0,1.0
2025-03-10,3,tỉa lông tại tiệm,6,40.0,7.0,2025-03-04,2025-03-05,0,0,0,0,0.0,40.0
2025-03-10,16,Spa Hạng Sang,0,900000.0,0.0,1900-01-01,1900-01-01,0,0,0,0,0.0,900000.0
2025-03-10,2,General health check-up,3,70000.0,0.0,1900-01-01,1900-01-01,0,0,0,0,0.0,70000.0
2025-03-10,0,Ophthalmology services,3,100000.0,0.0,1900-01-01,1900-01-01,0,0,0,0,0.0,100000.0
2025-03-10,17,Chăm Sóc Tại Gia,7,30000.0,1.0,2025-02-04,2025-02-27,0,0,0,0,0.0,30000.0
2025-03-10,20,Cat Nail Trims,2,45000.0,0.0,1900-01-01,1900-01-01,0,0,0,0,0.0,45000.0
2025-03-10,8,ho van loc an,1,30000.0,5.0,2025-03-04,2025-03-29,0,0,0,1,0.0,29995.0
2025-03-11,9,Cắt Tỉa 6 Sao,9,1000000.0,100000.0,2025-02-06,2025-02-20,1,0,0,0,0.0,1000000.0
2025-03-11,12,Phẫu Thuật Tại Gia,4,1000000.0,20000.0,2025-02-06,2025-02-27,1,0,0,0,0.0,1000000.0
2025-03-11,15,Cắt Tóc Tại Chuồng,0,200000.0,20000.0,2025-03-17,2025-03-18,1,0,0,0,0.0,200000.0
2025-03-11,11,Nutritional counseling,6,120000.0,0.0,1900-01-01,1900-01-01,1,0,0,0,0.0,120000.0
2025-03-11,10,Deworming,6,140000.0,0.0,1900-01-01,1900-01-01,1,0,0,0,0.0,140000.0
2025-03-11,6,Dermatology services,6,140000.0,0.0,1900-01-01,1900-01-01,1,0,0,0,0.0,140000.0
2025-03-11,14,Làm Spa 4 Sao,0,521000.0,20000.0,2025-03-15,2025-04-05,1,0,0,0,0.0,521000.0
2025-03-11,19,test lại xem ok chưa nhỉ?,5,100.0,100.0,2025-03-11,2025-06-17,1,0,0,1,0.0,0.0
2025-03-11,13,uiiaiuiiaiiuiiaiuiia,5,1000000.0,100.0,2025-03-11,2025-06-17,1,0,0,1,0.0,999900.0
2025-03-11,18,Grooming ,8,140000.0,0.0,2025-03-05,2025-04-05,1,0,0,1,0.0,140000.0
2025-03-11,7,AAAAAAAAAAA,5,10000.0,1000.0,2025-03-11,2025-03-17,1,0,0,1,0.0,9000.0
2025-03-11,4,string,0,110.0,0.0,1900-01-01,1900-01-01,1,0,0,0,0.0,110.0
2025-03-11,5,Phẫu Thuật Lấy Liền,4,500000.0,0.0,1900-01-01,1900-01-01,1,0,0,0,0.0,500000.0
2025-03-11,1,1,0,1.0,7.0,2025-03-04,2025-03-03,1,0,0,0,0.0,1.0
2025-03-11,3,tỉa lông tại tiệm,6,40.0,7.0,2025-03-04,2025-03-05,1,0,0,0,0.0,40.0
2025-03-11,16,Spa Hạng Sang,0,900000.0,0.0,1900-01-01,1900-01-01,1,0,0,0,0.0,900000.0
2025-03-11,2,General health check-up,3,70000.0,0.0,1900-01-01,1900-01-01,1,0,0,0,0.0,70000.0
2025-03-11,0,Ophthalmology services,3,100000.0,0.0,1900-01-01,1900-01-01,1,0,0,0,0.0,100000.0
2025-03-11,17,Chăm Sóc Tại Gia,7,30000.0,1.0,2025-02-04,2025-02-27,1,0,0,0,0.0,30000.0
2025-03-11,20,Cat Nail Trims,2,45000.0,0.0,1900-01-01,1900-01-01,1,0,0,0,0.0,45000.0
2025-03-11,8,ho van loc an,1,30000.0,5.0,2025-03-04,2025-03-29,1,0,0,1,0.0,29995.0
2025-03-12,9,Cắt Tỉa 6 Sao,9,1000000.0,100000.0,2025-02-06,2025-02-20,2,0,0,0,0.0,1000000.0
2025-03-12,12,Phẫu Thuật Tại Gia,4,1000000.0,20000.0,2025-02-06,2025-02-27,2,0,0,0,0.0,1000000.0
2025-03-12,15,Cắt Tóc Tại Chuồng,0,200000.0,20000.0,2025-03-17,2025-03-18,2,0,0,0,2.0,200000.0
2025-03-12,11,Nutritional counseling,6,120000.0,0.0,1900-01-01,1900-01-01,2,0,0,0,0.0,120000.0
2025-03-12,10,Deworming,6,140000.0,0.0,1900-01-01,1900-01-01,2,0,0,0,0.0,140000.0
2025-03-12,6,Dermatology services,6,140000.0,0.0,1900-01-01,1900-01-01,2,0,0,0,0.0,140000.0
2025-03-12,14,Làm Spa 4 Sao,0,521000.0,20000.0,2025-03-15,2025-04-05,2,0,0,0,0.0,521000.0
2025-03-12,19,test lại xem ok chưa nhỉ?,5,100.0,100.0,2025-03-11,2025-06-17,2,0,0,1,0.0,0.0
2025-03-12,13,uiiaiuiiaiiuiiaiuiia,5,1000000.0,100.0,2025-03-11,2025-06-17,2,0,0,1,0.0,999900.0
2025-03-12,18,Grooming ,8,140000.0,0.0,2025-03-05,2025-04-05,2,0,0,1,0.0,140000.0
2025-03-12,7,AAAAAAAAAAA,5,10000.0,1000.0,2025-03-11,2025-03-17,2,0,0,1,0.0,9000.0
2025-03-12,4,string,0,110.0,0.0,1900-01-01,1900-01-01,2,0,0,0,0.0,110.0
2025-03-12,5,Phẫu Thuật Lấy Liền,4,500000.0,0.0,1900-01-01,1900-01-01,2,0,0,0,0.0,500000.0
2025-03-12,1,1,0,1.0,7.0,2025-03-04,2025-03-03,2,0,0,0,0.0,1.0
2025-03-12,3,tỉa lông tại tiệm,6,40.0,7.0,2025-03-04,2025-03-05,2,0,0,0,0.0,40.0
2025-03-12,16,Spa Hạng Sang,0,900000.0,0.0,1900-01-01,1900-01-01,2,0,0,0,0.0,900000.0
2025-03-12,2,General health check-up,3,70000.0,0.0,1900-01-01,1900-01-01,2,0,0,0,0.0,70000.0
2025-03-12,0,Ophthalmology services,3,100000.0,0.0,1900-01-01,1900-01-01,2,0,0,0,0.0,100000.0
2025-03-12,17,Chăm Sóc Tại Gia,7,30000.0,1.0,2025-02-04,2025-02-27,2,0,0,0,0.0,30000.0
2025-03-12,20,Cat Nail Trims,2,45000.0,0.0,1900-01-01,1900-01-01,2,0,0,0,0.0,45000.0
2025-03-12,8,ho van loc an,1,30000.0,5.0,2025-03-04,2025-03-29,2,0,0,1,0.0,29995.0
2025-03-13,9,Cắt Tỉa 6 Sao,9,1000000.0,100000.0,2025-02-06,2025-02-20,3,0,0,0,0.0,1000000.0
2025-03-13,12,Phẫu Thuật Tại Gia,4,1000000.0,20000.0,2025-02-06,2025-02-27,3,0,0,0,0.0,1000000.0
2025-03-13,15,Cắt Tóc Tại Chuồng,0,200000.0,20000.0,2025-03-17,2025-03-18,3,0,0,0,0.0,200000.0
2025-03-13,11,Nutritional counseling,6,120000.0,0.0,1900-01-01,1900-01-01,3,0,0,0,1.0,120000.0
2025-03-13,10,Deworming,6,140000.0,0.0,1900-01-01,1900-01-01,3,0,0,0,1.0,140000.0
2025-03-13,6,Dermatology services,6,140000.0,0.0,1900-01-01,1900-01-01,3,0,0,0,1.0,140000.0
2025-03-13,14,Làm Spa 4 Sao,0,521000.0,20000.0,2025-03-15,2025-04-05,3,0,0,0,1.0,521000.0
2025-03-13,19,test lại xem ok chưa nhỉ?,5,100.0,100.0,2025-03-11,2025-06-17,3,0,0,1,1.0,0.0
2025-03-13,13,uiiaiuiiaiiuiiaiuiia,5,1000000.0,100.0,2025-03-11,2025-06-17,3,0,0,1,1.0,999900.0
2025-03-13,18,Grooming ,8,140000.0,0.0,2025-03-05,2025-04-05,3,0,0,1,2.0,140000.0
2025-03-13,7,AAAAAAAAAAA,5,10000.0,1000.0,2025-03-11,2025-03-17,3,0,0,1,1.0,9000.0
2025-03-13,4,string,0,110.0,0.0,1900-01-01,1900-01-01,3,0,0,0,1.0,110.0
2025-03-13,5,Phẫu Thuật Lấy Liền,4,500000.0,0.0,1900-01-01,1900-01-01,3,0,0,0,1.0,500000.0
2025-03-13,1,1,0,1.0,7.0,2025-03-04,2025-03-03,3,0,0,0,1.0,1.0
2025-03-13,3,tỉa lông tại tiệm,6,40.0,7.0,2025-03-04,2025-03-05,3,0,0,0,0.0,40.0
2025-03-13,16,Spa Hạng Sang,0,900000.0,0.0,1900-01-01,1900-01-01,3,0,0,0,0.0,900000.0
2025-03-13,2,General health check-up,3,70000.0,0.0,1900-01-01,1900-01-01,3,0,0,0,0.0,70000.0
2025-03-13,0,Ophthalmology services,3,100000.0,0.0,1900-01-01,1900-01-01,3,0,0,0,0.0,100000.0
2025-03-13,17,Chăm Sóc Tại Gia,7,30000.0,1.0,2025-02-04,2025-02-27,3,0,0,0,0.0,30000.0
2025-03-13,20,Cat Nail Trims,2,45000.0,0.0,1900-01-01,1900-01-01,3,0,0,0,0.0,45000.0
2025-03-13,8,ho van loc an,1,30000.0,5.0,2025-03-04,2025-03-29,3,0,0,1,0.0,29995.0
2025-03-14,9,Cắt Tỉa 6 Sao,9,1000000.0,100000.0,2025-02-06,2025-02-20,4,0,0,0,0.0,1000000.0
2025-03-14,12,Phẫu Thuật Tại Gia,4,1000000.0,20000.0,2025-02-06,2025-02-27,4,0,0,0,0.0,1000000.0
2025-03-14,15,Cắt Tóc Tại Chuồng,0,200000.0,20000.0,2025-03-17,2025-03-18,4,0,0,0,0.0,200000.0
2025-03-14,11,Nutritional counseling,6,120000.0,0.0,1900-01-01,1900-01-01,4,0,0,0,0.0,120000.0
2025-03-14,10,Deworming,6,140000.0,0.0,1900-01-01,1900-01-01,4,0,0,0,0.0,140000.0
2025-03-14,6,Dermatology services,6,140000.0,0.0,1900-01-01,1900-01-01,4,0,0,0,0.0,140000.0
2025-03-14,14,Làm Spa 4 Sao,0,521000.0,20000.0,2025-03-15,2025-04-05,4,0,0,0,0.0,521000.0
2025-03-14,19,test lại xem ok chưa nhỉ?,5,100.0,100.0,2025-03-11,2025-06-17,4,0,0,1,0.0,0.0
2025-03-14,13,uiiaiuiiaiiuiiaiuiia,5,1000000.0,100.0,2025-03-11,2025-06-17,4,0,0,1,0.0,999900.0
2025-03-14,18,Grooming ,8,140000.0,0.0,2025-03-05,2025-04-05,4,0,0,1,0.0,140000.0
2025-03-14,7,AAAAAAAAAAA,5,10000.0,1000.0,2025-03-11,2025-03-17,4,0,0,1,0.0,9000.0
2025-03-14,4,string,0,110.0,0.0,1900-01-01,1900-01-01,4,0,0,0,0.0,110.0
2025-03-14,5,Phẫu Thuật Lấy Liền,4,500000.0,0.0,1900-01-01,1900-01-01,4,0,0,0,0.0,500000.0
2025-03-14,1,1,0,1.0,7.0,2025-03-04,2025-03-03,4,0,0,0,0.0,1.0
2025-03-14,3,tỉa lông tại tiệm,6,40.0,7.0,2025-03-04,2025-03-05,4,0,0,0,0.0,40.0
2025-03-14,16,Spa Hạng Sang,0,900000.0,0.0,1900-01-01,1900-01-01,4,0,0,0,0.0,900000.0
2025-03-14,2,General health check-up,3,70000.0,0.0,1900-01-01,1900-01-01,4,0,0,0,0.0,70000.0
2025-03-14,0,Ophthalmology services,3,100000.0,0.0,1900-01-01,1900-01-01,4,0,0,0,0.0,100000.0
2025-03-14,17,Chăm Sóc Tại Gia,7,30000.0,1.0,2025-02-04,2025-02-27,4,0,0,0,0.0,30000.0
2025-03-14,20,Cat Nail Trims,2,45000.0,0.0,1900-01-01,1900-01-01,4,0,0,0,0.0,45000.0
2025-03-14,8,ho van loc an,1,30000.0,5.0,2025-03-04,2025-03-29,4,0,0,1,0.0,29995.0
2025-03-15,9,Cắt Tỉa 6 Sao,9,1000000.0,100000.0,2025-02-06,2025-02-20,5,1,0,0,0.0,1000000.0
2025-03-15,12,Phẫu Thuật Tại Gia,4,1000000.0,20000.0,2025-02-06,2025-02-27,5,1,0,0,0.0,1000000.0
2025-03-15,15,Cắt Tóc Tại Chuồng,0,200000.0,20000.0,2025-03-17,2025-03-18,5,1,0,0,0.0,200000.0
2025-03-15,11,Nutritional counseling,6,120000.0,0.0,1900-01-01,1900-01-01,5,1,0,0,0.0,120000.0
2025-03-15,10,Deworming,6,140000.0,0.0,1900-01-01,1900-01-01,5,1,0,0,0.0,140000.0
2025-03-15,6,Dermatology services,6,140000.0,0.0,1900-01-01,1900-01-01,5,1,0,0,0.0,140000.0
2025-03-15,14,Làm Spa 4 Sao,0,521000.0,20000.0,2025-03-15,2025-04-05,5,1,0,1,1.0,501000.0
2025-03-15,19,test lại xem ok chưa nhỉ?,5,100.0,100.0,2025-03-11,2025-06-17,5,1,0,1,0.0,0.0
2025-03-15,13,uiiaiuiiaiiuiiaiuiia,5,1000000.0,100.0,2025-03-11,2025-06-17,5,1,0,1,0.0,999900.0
2025-03-15,18,Grooming ,8,140000.0,0.0,2025-03-05,2025-04-05,5,1,0,1,0.0,140000.0
2025-03-15,7,AAAAAAAAAAA,5,10000.0,1000.0,2025-03-11,2025-03-17,5,1,0,1,0.0,9000.0
2025-03-15,4,string,0,110.0,0.0,1900-01-01,1900-01-01,5,1,0,0,0.0,110.0
2025-03-15,5,Phẫu Thuật Lấy Liền,4,500000.0,0.0,1900-01-01,1900-01-01,5,1,0,0,0.0,500000.0
2025-03-15,1,1,0,1.0,7.0,2025-03-04,2025-03-03,5,1,0,0,0.0,1.0
2025-03-15,3,tỉa lông tại tiệm,6,40.0,7.0,2025-03-04,2025-03-05,5,1,0,0,1.0,40.0
2025-03-15,16,Spa Hạng Sang,0,900000.0,0.0,1900-01-01,1900-01-01,5,1,0,0,1.0,900000.0
2025-03-15,2,General health check-up,3,70000.0,0.0,1900-01-01,1900-01-01,5,1,0,0,0.0,70000.0
2025-03-15,0,Ophthalmology services,3,100000.0,0.0,1900-01-01,1900-01-01,5,1,0,0,0.0,100000.0
2025-03-15,17,Chăm Sóc Tại Gia,7,30000.0,1.0,2025-02-04,2025-02-27,5,1,0,0,0.0,30000.0
2025-03-15,20,Cat Nail Trims,2,45000.0,0.0,1900-01-01,1900-01-01,5,1,0,0,0.0,45000.0
2025-03-15,8,ho van loc an,1,30000.0,5.0,2025-03-04,2025-03-29,5,1,0,1,0.0,29995.0
2025-03-16,9,Cắt Tỉa 6 Sao,9,1000000.0,100000.0,2025-02-06,2025-02-20,6,1,0,0,0.0,1000000.0
2025-03-16,12,Phẫu Thuật Tại Gia,4,1000000.0,20000.0,2025-02-06,2025-02-27,6,1,0,0,0.0,1000000.0
2025-03-16,15,Cắt Tóc Tại Chuồng,0,200000.0,20000.0,2025-03-17,2025-03-18,6,1,0,0,0.0,200000.0
2025-03-16,11,Nutritional counseling,6,120000.0,0.0,1900-01-01,1900-01-01,6,1,0,0,0.0,120000.0
2025-03-16,10,Deworming,6,140000.0,0.0,1900-01-01,1900-01-01,6,1,0,0,0.0,140000.0
2025-03-16,6,Dermatology services,6,140000.0,0.0,1900-01-01,1900-01-01,6,1,0,0,0.0,140000.0
2025-03-16,14,Làm Spa 4 Sao,0,521000.0,20000.0,2025-03-15,2025-04-05,6,1,0,1,1.0,501000.0
2025-03-16,19,test lại xem ok chưa nhỉ?,5,100.0,100.0,2025-03-11,2025-06-17,6,1,0,1,0.0,0.0
2025-03-16,13,uiiaiuiiaiiuiiaiuiia,5,1000000.0,100.0,2025-03-11,2025-06-17,6,1,0,1,0.0,999900.0
2025-03-16,18,Grooming ,8,140000.0,0.0,2025-03-05,2025-04-05,6,1,0,1,0.0,140000.0
2025-03-16,7,AAAAAAAAAAA,5,10000.0,1000.0,2025-03-11,2025-03-17,6,1,0,1,0.0,9000.0
2025-03-16,4,string,0,110.0,0.0,1900-01-01,1900-01-01,6,1,0,0,0.0,110.0
2025-03-16,5,Phẫu Thuật Lấy Liền,4,500000.0,0.0,1900-01-01,1900-01-01,6,1,0,0,0.0,500000.0
2025-03-16,1,1,0,1.0,7.0,2025-03-04,2025-03-03,6,1,0,0,0.0,1.0
2025-03-16,3,tỉa lông tại tiệm,6,40.0,7.0,2025-03-04,2025-03-05,6,1,0,0,0.0,40.0
2025-03-16,16,Spa Hạng Sang,0,900000.0,0.0,1900-01-01,1900-01-01,6,1,0,0,1.0,900000.0
2025-03-16,2,General health check-up,3,70000.0,0.0,1900-01-01,1900-01-01,6,1,0,0,0.0,70000.0
2025-03-16,0,Ophthalmology services,3,100000.0,0.0,1900-01-01,1900-01-01,6,1,0,0,0.0,100000.0
2025-03-16,17,Chăm Sóc Tại Gia,7,30000.0,1.0,2025-02-04,2025-02-27,6,1,0,0,0.0,30000.0
2025-03-16,20,Cat Nail Trims,2,45000.0,0.0,1900-01-01,1900-01-01,6,1,0,0,0.0,45000.0
2025-03-16,8,ho van loc an,1,30000.0,5.0,2025-03-04,2025-03-29,6,1,0,1,0.0,29995.0
2025-03-17,9,Cắt Tỉa 6 Sao,9,1000000.0,100000.0,2025-02-06,2025-02-20,0,0,0,0,0.0,1000000.0
2025-03-17,12,Phẫu Thuật Tại Gia,4,1000000.0,20000.0,2025-02-06,2025-02-27,0,0,0,0,0.0,1000000.0
2025-03-17,15,Cắt Tóc Tại Chuồng,0,200000.0,20000.0,2025-03-17,2025-03-18,0,0,0,1,0.0,180000.0
2025-03-17,11,Nutritional counseling,6,120000.0,0.0,1900-01-01,1900-01-01,0,0,0,0,0.0,120000.0
2025-03-17,10,Deworming,6,140000.0,0.0,1900-01-01,1900-01-01,0,0,0,0,0.0,140000.0
2025-03-17,6,Dermatology services,6,140000.0,0.0,1900-01-01,1900-01-01,0,0,0,0,0.0,140000.0
2025-03-17,14,Làm Spa 4 Sao,0,521000.0,20000.0,2025-03-15,2025-04-05,0,0,0,1,0.0,501000.0
2025-03-17,19,test lại xem ok chưa nhỉ?,5,100.0,100.0,2025-03-11,2025-06-17,0,0,0,1,0.0,0.0
2025-03-17,13,uiiaiuiiaiiuiiaiuiia,5,1000000.0,100.0,2025-03-11,2025-06-17,0,0,0,1,0.0,999900.0
2025-03-17,18,Grooming ,8,140000.0,0.0,2025-03-05,2025-04-05,0,0,0,1,0.0,140000.0
2025-03-17,7,AAAAAAAAAAA,5,10000.0,1000.0,2025-03-11,2025-03-17,0,0,0,1,0.0,9000.0
2025-03-17,4,string,0,110.0,0.0,1900-01-01,1900-01-01,0,0,0,0,0.0,110.0
2025-03-17,5,Phẫu Thuật Lấy Liền,4,500000.0,0.0,1900-01-01,1900-01-01,0,0,0,0,0.0,500000.0
2025-03-17,1,1,0,1.0,7.0,2025-03-04,2025-03-03,0,0,0,0,0.0,1.0
2025-03-17,3,tỉa lông tại tiệm,6,40.0,7.0,2025-03-04,2025-03-05,0,0,0,0,0.0,40.0
2025-03-17,16,Spa Hạng Sang,0,900000.0,0.0,1900-01-01,1900-01-01,0,0,0,0,0.0,900000.0
2025-03-17,2,General health check-up,3,70000.0,0.0,1900-01-01,1900-01-01,0,0,0,0,0.0,70000.0
2025-03-17,0,Ophthalmology services,3,100000.0,0.0,1900-01-01,1900-01-01,0,0,0,0,0.0,100000.0
2025-03-17,17,Chăm Sóc Tại Gia,7,30000.0,1.0,2025-02-04,2025-02-27,0,0,0,0,0.0,30000.0
2025-03-17,20,Cat Nail Trims,2,45000.0,0.0,1900-01-01,1900-01-01,0,0,0,0,0.0,45000.0
2025-03-17,8,ho van loc an,1,30000.0,5.0,2025-03-04,2025-03-29,0,0,0,1,0.0,29995.0
2025-03-18,9,Cắt Tỉa 6 Sao,9,1000000.0,100000.0,2025-02-06,2025-02-20,1,0,0,0,0.0,1000000.0
2025-03-18,12,Phẫu Thuật Tại Gia,4,1000000.0,20000.0,2025-02-06,2025-02-27,1,0,0,0,0.0,1000000.0
2025-03-18,15,Cắt Tóc Tại Chuồng,0,200000.0,20000.0,2025-03-17,2025-03-18,1,0,0,1,0.0,180000.0
2025-03-18,11,Nutritional counseling,6,120000.0,0.0,1900-01-01,1900-01-01,1,0,0,0,0.0,120000.0
2025-03-18,10,Deworming,6,140000.0,0.0,1900-01-01,1900-01-01,1,0,0,0,0.0,140000.0
2025-03-18,6,Dermatology services,6,140000.0,0.0,1900-01-01,1900-01-01,1,0,0,0,0.0,140000.0
2025-03-18,14,Làm Spa 4 Sao,0,521000.0,20000.0,2025-03-15,2025-04-05,1,0,0,1,1.0,501000.0
2025-03-18,19,test lại xem ok chưa nhỉ?,5,100.0,100.0,2025-03-11,2025-06-17,1,0,0,1,0.0,0.0
2025-03-18,13,uiiaiuiiaiiuiiaiuiia,5,1000000.0,100.0,2025-03-11,2025-06-17,1,0,0,1,0.0,999900.0
2025-03-18,18,Grooming ,8,140000.0,0.0,2025-03-05,2025-04-05,1,0,0,1,0.0,140000.0
2025-03-18,7,AAAAAAAAAAA,5,10000.0,1000.0,2025-03-11,2025-03-17,1,0,0,0,0.0,10000.0
2025-03-18,4,string,0,110.0,0.0,1900-01-01,1900-01-01,1,0,0,0,0.0,110.0
2025-03-18,5,Phẫu Thuật Lấy Liền,4,500000.0,0.0,1900-01-01,1900-01-01,1,0,0,0,0.0,500000.0
2025-03-18,1,1,0,1.0,7.0,2025-03-04,2025-03-03,1,0,0,0,0.0,1.0
2025-03-18,3,tỉa lông tại tiệm,6,40.0,7.0,2025-03-04,2025-03-05,1,0,0,0,0.0,40.0
2025-03-18,16,Spa Hạng Sang,0,900000.0,0.0,1900-01-01,1900-01-01,1,0,0,0,0.0,900000.0
2025-03-18,2,General health check-up,3,70000.0,0.0,1900-01-01,1900-01-01,1,0,0,0,1.0,70000.0
2025-03-18,0,Ophthalmology services,3,100000.0,0.0,1900-01-01,1900-01-01,1,0,0,0,0.0,100000.0
2025-03-18,17,Chăm Sóc Tại Gia,7,30000.0,1.0,2025-02-04,2025-02-27,1,0,0,0,0.0,30000.0
2025-03-18,20,Cat Nail Trims,2,45000.0,0.0,1900-01-01,1900-01-01,1,0,0,0,0.0,45000.0
2025-03-18,8,ho van loc an,1,30000.0,5.0,2025-03-04,2025-03-29,1,0,0,1,0.0,29995.0
2025-03-19,9,Cắt Tỉa 6 Sao,9,1000000.0,100000.0,2025-02-06,2025-02-20,2,0,0,0,0.0,1000000.0
2025-03-19,12,Phẫu Thuật Tại Gia,4,1000000.0,20000.0,2025-02-06,2025-02-27,2,0,0,0,0.0,1000000.0
2025-03-19,15,Cắt Tóc Tại Chuồng,0,200000.0,20000.0,2025-03-17,2025-03-18,2,0,0,0,0.0,200000.0
2025-03-19,11,Nutritional counseling,6,120000.0,0.0,1900-01-01,1900-01-01,2,0,0,0,0.0,120000.0
2025-03-19,10,Deworming,6,140000.0,0.0,1900-01-01,1900-01-01,2,0,0,0,0.0,140000.0
2025-03-19,6,Dermatology services,6,140000.0,0.0,1900-01-01,1900-01-01,2,0,0,0,0.0,140000.0
2025-03-19,14,Làm Spa 4 Sao,0,521000.0,20000.0,2025-03-15,2025-04-05,2,0,0,1,0.0,501000.0
2025-03-19,19,test lại xem ok chưa nhỉ?,5,100.0,100.0,2025-03-11,2025-06-17,2,0,0,1,0.0,0.0
2025-03-19,13,uiiaiuiiaiiuiiaiuiia,5,1000000.0,100.0,2025-03-11,2025-06-17,2,0,0,1,0.0,999900.0
2025-03-19,18,Grooming ,8,140000.0,0.0,2025-03-05,2025-04-05,2,0,0,1,0.0,140000.0
2025-03-19,7,AAAAAAAAAAA,5,10000.0,1000.0,2025-03-11,2025-03-17,2,0,0,0,0.0,10000.0
2025-03-19,4,string,0,110.0,0.0,1900-01-01,1900-01-01,2,0,0,0,0.0,110.0
2025-03-19,5,Phẫu Thuật Lấy Liền,4,500000.0,0.0,1900-01-01,1900-01-01,2,0,0,0,0.0,500000.0
2025-03-19,1,1,0,1.0,7.0,2025-03-04,2025-03-03,2,0,0,0,0.0,1.0
2025-03-19,3,tỉa lông tại tiệm,6,40.0,7.0,2025-03-04,2025-03-05,2,0,0,0,0.0,40.0
2025-03-19,16,Spa Hạng Sang,0,900000.0,0.0,1900-01-01,1900-01-01,2,0,0,0,0.0,900000.0
2025-03-19,2,General health check-up,3,70000.0,0.0,1900-01-01,1900-01-01,2,0,0,0,0.0,70000.0
2025-03-19,0,Ophthalmology services,3,100000.0,0.0,1900-01-01,1900-01-01,2,0,0,0,0.0,100000.0
2025-03-19,17,Chăm Sóc Tại Gia,7,30000.0,1.0,2025-02-04,2025-02-27,2,0,0,0,0.0,30000.0
2025-03-19,20,Cat Nail Trims,2,45000.0,0.0,1900-01-01,1900-01-01,2,0,0,0,0.0,45000.0
2025-03-19,8,ho van loc an,1,30000.0,5.0,2025-03-04,2025-03-29,2,0,0,1,0.0,29995.0
2025-03-20,9,Cắt Tỉa 6 Sao,9,1000000.0,100000.0,2025-02-06,2025-02-20,3,0,0,0,0.0,1000000.0
2025-03-20,12,Phẫu Thuật Tại Gia,4,1000000.0,20000.0,2025-02-06,2025-02-27,3,0,0,0,0.0,1000000.0
2025-03-20,15,Cắt Tóc Tại Chuồng,0,200000.0,20000.0,2025-03-17,2025-03-18,3,0,0,0,0.0,200000.0
2025-03-20,11,Nutritional counseling,6,120000.0,0.0,1900-01-01,1900-01-01,3,0,0,0,0.0,120000.0
2025-03-20,10,Deworming,6,140000.0,0.0,1900-01-01,1900-01-01,3,0,0,0,0.0,140000.0
2025-03-20,6,Dermatology services,6,140000.0,0.0,1900-01-01,1900-01-01,3,0,0,0,0.0,140000.0
2025-03-20,14,Làm Spa 4 Sao,0,521000.0,20000.0,2025-03-15,2025-04-05,3,0,0,1,0.0,501000.0
2025-03-20,19,test lại xem ok chưa nhỉ?,5,100.0,100.0,2025-03-11,2025-06-17,3,0,0,1,0.0,0.0
2025-03-20,13,uiiaiuiiaiiuiiaiuiia,5,1000000.0,100.0,2025-03-11,2025-06-17,3,0,0,1,0.0,999900.0
2025-03-20,18,Grooming ,8,140000.0,0.0,2025-03-05,2025-04-05,3,0,0,1,0.0,140000.0
2025-03-20,7,AAAAAAAAAAA,5,10000.0,1000.0,2025-03-11,2025-03-17,3,0,0,0,0.0,10000.0
2025-03-20,4,string,0,110.0,0.0,1900-01-01,1900-01-01,3,0,0,0,0.0,110.0
2025-03-20,5,Phẫu Thuật Lấy Liền,4,500000.0,0.0,1900-01-01,1900-01-01,3,0,0,0,0.0,500000.0
2025-03-20,1,1,0,1.0,7.0,2025-03-04,2025-03-03,3,0,0,0,0.0,1.0
2025-03-20,3,tỉa lông tại tiệm,6,40.0,7.0,2025-03-04,2025-03-05,3,0,0,0,0.0,40.0
2025-03-20,16,Spa Hạng Sang,0,900000.0,0.0,1900-01-01,1900-01-01,3,0,0,0,0.0,900000.0
2025-03-20,2,General health check-up,3,70000.0,0.0,1900-01-01,1900-01-01,3,0,0,0,0.0,70000.0
2025-03-20,0,Ophthalmology services,3,100000.0,0.0,1900-01-01,1900-01-01,3,0,0,0,0.0,100000.0
2025-03-20,17,Chăm Sóc Tại Gia,7,30000.0,1.0,2025-02-04,2025-02-27,3,0,0,0,0.0,30000.0
2025-03-20,20,Cat Nail Trims,2,45000.0,0.0,1900-01-01,1900-01-01,3,0,0,0,0.0,45000.0
2025-03-20,8,ho van loc an,1,30000.0,5.0,2025-03-04,2025-03-29,3,0,0,1,0.0,29995.0
2025-03-21,9,Cắt Tỉa 6 Sao,9,1000000.0,100000.0,2025-02-06,2025-02-20,4,0,0,0,0.0,1000000.0
2025-03-21,12,Phẫu Thuật Tại Gia,4,1000000.0,20000.0,2025-02-06,2025-02-27,4,0,0,0,0.0,1000000.0
2025-03-21,15,Cắt Tóc Tại Chuồng,0,200000.0,20000.0,2025-03-17,2025-03-18,4,0,0,0,0.0,200000.0
2025-03-21,11,Nutritional counseling,6,120000.0,0.0,1900-01-01,1900-01-01,4,0,0,0,0.0,120000.0
2025-03-21,10,Deworming,6,140000.0,0.0,1900-01-01,1900-01-01,4,0,0,0,0.0,140000.0
2025-03-21,6,Dermatology services,6,140000.0,0.0,1900-01-01,1900-01-01,4,0,0,0,0.0,140000.0
2025-03-21,14,Làm Spa 4 Sao,0,521000.0,20000.0,2025-03-15,2025-04-05,4,0,0,1,0.0,501000.0
2025-03-21,19,test lại xem ok chưa nhỉ?,5,100.0,100.0,2025-03-11,2025-06-17,4,0,0,1,0.0,0.0
2025-03-21,13,uiiaiuiiaiiuiiaiuiia,5,1000000.0,100.0,2025-03-11,2025-06-17,4,0,0,1,0.0,999900.0
2025-03-21,18,Grooming ,8,140000.0,0.0,2025-03-05,2025-04-05,4,0,0,1,0.0,140000.0
2025-03-21,7,AAAAAAAAAAA,5,10000.0,1000.0,2025-03-11,2025-03-17,4,0,0,0,0.0,10000.0
2025-03-21,4,string,0,110.0,0.0,1900-01-01,1900-01-01,4,0,0,0,0.0,110.0
2025-03-21,5,Phẫu Thuật Lấy Liền,4,500000.0,0.0,1900-01-01,1900-01-01,4,0,0,0,0.0,500000.0
2025-03-21,1,1,0,1.0,7.0,2025-03-04,2025-03-03,4,0,0,0,0.0,1.0
2025-03-21,3,tỉa lông tại tiệm,6,40.0,7.0,2025-03-04,2025-03-05,4,0,0,0,0.0,40.0
2025-03-21,16,Spa Hạng Sang,0,900000.0,0.0,1900-01-01,1900-01-01,4,0,0,0,0.0,900000.0
2025-03-21,2,General health check-up,3,70000.0,0.0,1900-01-01,1900-01-01,4,0,0,0,0.0,70000.0
2025-03-21,0,Ophthalmology services,3,100000.0,0.0,1900-01-01,1900-01-01,4,0,0,0,0.0,100000.0
2025-03-21,17,Chăm Sóc Tại Gia,7,30000.0,1.0,2025-02-04,2025-02-27,4,0,0,0,0.0,30000.0
2025-03-21,20,Cat Nail Trims,2,45000.0,0.0,1900-01-01,1900-01-01,4,0,0,0,0.0,45000.0
2025-03-21,8,ho van loc an,1,30000.0,5.0,2025-03-04,2025-03-29,4,0,0,1,0.0,29995.0
2025-03-22,9,Cắt Tỉa 6 Sao,9,1000000.0,100000.0,2025-02-06,2025-02-20,5,1,0,0,0.0,1000000.0
2025-03-22,12,Phẫu Thuật Tại Gia,4,1000000.0,20000.0,2025-02-06,2025-02-27,5,1,0,0,0.0,1000000.0
2025-03-22,15,Cắt Tóc Tại Chuồng,0,200000.0,20000.0,2025-03-17,2025-03-18,5,1,0,0,0.0,200000.0
2025-03-22,11,Nutritional counseling,6,120000.0,0.0,1900-01-01,1900-01-01,5,1,0,0,0.0,120000.0
2025-03-22,10,Deworming,6,140000.0,0.0,1900-01-01,1900-01-01,5,1,0,0,0.0,140000.0
2025-03-22,6,Dermatology services,6,140000.0,0.0,1900-01-01,1900-01-01,5,1,0,0,0.0,140000.0
2025-03-22,14,Làm Spa 4 Sao,0,521000.0,20000.0,2025-03-15,2025-04-05,5,1,0,1,0.0,501000.0
2025-03-22,19,test lại xem ok chưa nhỉ?,5,100.0,100.0,2025-03-11,2025-06-17,5,1,0,1,0.0,0.0
2025-03-22,13,uiiaiuiiaiiuiiaiuiia,5,1000000.0,100.0,2025-03-11,2025-06-17,5,1,0,1,0.0,999900.0
2025-03-22,18,Grooming ,8,140000.0,0.0,2025-03-05,2025-04-05,5,1,0,1,0.0,140000.0
2025-03-22,7,AAAAAAAAAAA,5,10000.0,1000.0,2025-03-11,2025-03-17,5,1,0,0,0.0,10000.0
2025-03-22,4,string,0,110.0,0.0,1900-01-01,1900-01-01,5,1,0,0,0.0,110.0
2025-03-22,5,Phẫu Thuật Lấy Liền,4,500000.0,0.0,1900-01-01,1900-01-01,5,1,0,0,0.0,500000.0
2025-03-22,1,1,0,1.0,7.0,2025-03-04,2025-03-03,5,1,0,0,0.0,1.0
2025-03-22,3,tỉa lông tại tiệm,6,40.0,7.0,2025-03-04,2025-03-05,5,1,0,0,0.0,40.0
2025-03-22,16,Spa Hạng Sang,0,900000.0,0.0,1900-01-01,1900-01-01,5,1,0,0,0.0,900000.0
2025-03-22,2,General health check-up,3,70000.0,0.0,1900-01-01,1900-01-01,5,1,0,0,0.0,70000.0
2025-03-22,0,Ophthalmology services,3,100000.0,0.0,1900-01-01,1900-01-01,5,1,0,0,0.0,100000.0
2025-03-22,17,Chăm Sóc Tại Gia,7,30000.0,1.0,2025-02-04,2025-02-27,5,1,0,0,0.0,30000.0
2025-03-22,20,Cat Nail Trims,2,45000.0,0.0,1900-01-01,1900-01-01,5,1,0,0,0.0,45000.0
2025-03-22,8,ho van loc an,1,30000.0,5.0,2025-03-04,2025-03-29,5,1,0,1,0.0,29995.0
2025-03-23,9,Cắt Tỉa 6 Sao,9,1000000.0,100000.0,2025-02-06,2025-02-20,6,1,0,0,0.0,1000000.0
2025-03-23,12,Phẫu Thuật Tại Gia,4,1000000.0,20000.0,2025-02-06,2025-02-27,6,1,0,0,0.0,1000000.0
2025-03-23,15,Cắt Tóc Tại Chuồng,0,200000.0,20000.0,2025-03-17,2025-03-18,6,1,0,0,0.0,200000.0
2025-03-23,11,Nutritional counseling,6,120000.0,0.0,1900-01-01,1900-01-01,6,1,0,0,0.0,120000.0
2025-03-23,10,Deworming,6,140000.0,0.0,1900-01-01,1900-01-01,6,1,0,0,0.0,140000.0
2025-03-23,6,Dermatology services,6,140000.0,0.0,1900-01-01,1900-01-01,6,1,0,0,0.0,140000.0
2025-03-23,14,Làm Spa 4 Sao,0,521000.0,20000.0,2025-03-15,2025-04-05,6,1,0,1,0.0,501000.0
2025-03-23,19,test lại xem ok chưa nhỉ?,5,100.0,100.0,2025-03-11,2025-06-17,6,1,0,1,0.0,0.0
2025-03-23,13,uiiaiuiiaiiuiiaiuiia,5,1000000.0,100.0,2025-03-11,2025-06-17,6,1,0,1,0.0,999900.0
2025-03-23,18,Grooming ,8,140000.0,0.0,2025-03-05,2025-04-05,6,1,0,1,0.0,140000.0
2025-03-23,7,AAAAAAAAAAA,5,10000.0,1000.0,2025-03-11,2025-03-17,6,1,0,0,0.0,10000.0
2025-03-23,4,string,0,110.0,0.0,1900-01-01,1900-01-01,6,1,0,0,0.0,110.0
2025-03-23,5,Phẫu Thuật Lấy Liền,4,500000.0,0.0,1900-01-01,1900-01-01,6,1,0,0,0.0,500000.0
2025-03-23,1,1,0,1.0,7.0,2025-03-04,2025-03-03,6,1,0,0,0.0,1.0
2025-03-23,3,tỉa lông tại tiệm,6,40.0,7.0,2025-03-04,2025-03-05,6,1,0,0,0.0,40.0
2025-03-23,16,Spa Hạng Sang,0,900000.0,0.0,1900-01-01,1900-01-01,6,1,0,0,0.0,900000.0
2025-03-23,2,General health check-up,3,70000.0,0.0,1900-01-01,1900-01-01,6,1,0,0,0.0,70000.0
2025-03-23,0,Ophthalmology services,3,100000.0,0.0,1900-01-01,1900-01-01,6,1,0,0,0.0,100000.0
2025-03-23,17,Chăm Sóc Tại Gia,7,30000.0,1.0,2025-02-04,2025-02-27,6,1,0,0,0.0,30000.0
2025-03-23,20,Cat Nail Trims,2,45000.0,0.0,1900-01-01,1900-01-01,6,1,0,0,0.0,45000.0
2025-03-23,8,ho van loc an,1,30000.0,5.0,2025-03-04,2025-03-29,6,1,0,1,0.0,29995.0
2025-03-24,9,Cắt Tỉa 6 Sao,9,1000000.0,100000.0,2025-02-06,2025-02-20,0,0,0,0,0.0,1000000.0
2025-03-24,12,Phẫu Thuật Tại Gia,4,1000000.0,20000.0,2025-02-06,2025-02-27,0,0,0,0,0.0,1000000.0
2025-03-24,15,Cắt Tóc Tại Chuồng,0,200000.0,20000.0,2025-03-17,2025-03-18,0,0,0,0,0.0,200000.0
2025-03-24,11,Nutritional counseling,6,120000.0,0.0,1900-01-01,1900-01-01,0,0,0,0,0.0,120000.0
2025-03-24,10,Deworming,6,140000.0,0.0,1900-01-01,1900-01-01,0,0,0,0,0.0,140000.0
2025-03-24,6,Dermatology services,6,140000.0,0.0,1900-01-01,1900-01-01,0,0,0,0,0.0,140000.0
2025-03-24,14,Làm Spa 4 Sao,0,521000.0,20000.0,2025-03-15,2025-04-05,0,0,0,1,0.0,501000.0
2025-03-24,19,test lại xem ok chưa nhỉ?,5,100.0,100.0,2025-03-11,2025-06-17,0,0,0,1,0.0,0.0
2025-03-24,13,uiiaiuiiaiiuiiaiuiia,5,1000000.0,100.0,2025-03-11,2025-06-17,0,0,0,1,0.0,999900.0
2025-03-24,18,Grooming ,8,140000.0,0.0,2025-03-05,2025-04-05,0,0,0,1,0.0,140000.0
2025-03-24,7,AAAAAAAAAAA,5,10000.0,1000.0,2025-03-11,2025-03-17,0,0,0,0,0.0,10000.0
2025-03-24,4,string,0,110.0,0.0,1900-01-01,1900-01-01,0,0,0,0,0.0,110.0
2025-03-24,5,Phẫu Thuật Lấy Liền,4,500000.0,0.0,1900-01-01,1900-01-01,0,0,0,0,0.0,500000.0
2025-03-24,1,1,0,1.0,7.0,2025-03-04,2025-03-03,0,0,0,0,0.0,1.0
2025-03-24,3,tỉa lông tại tiệm,6,40.0,7.0,2025-03-04,2025-03-05,0,0,0,0,0.0,40.0
2025-03-24,16,Spa Hạng Sang,0,900000.0,0.0,1900-01-01,1900-01-01,0,0,0,0,0.0,900000.0
2025-03-24,2,General health check-up,3,70000.0,0.0,1900-01-01,1900-01-01,0,0,0,0,0.0,70000.0
2025-03-24,0,Ophthalmology services,3,100000.0,0.0,1900-01-01,1900-01-01,0,0,0,0,0.0,100000.0
2025-03-24,17,Chăm Sóc Tại Gia,7,30000.0,1.0,2025-02-04,2025-02-27,0,0,0,0,0.0,30000.0
2025-03-24,20,Cat Nail Trims,2,45000.0,0.0,1900-01-01,1900-01-01,0,0,0,0,0.0,45000.0
2025-03-24,8,ho van loc an,1,30000.0,5.0,2025-03-04,2025-03-29,0,0,0,1,0.0,29995.0
2025-03-25,9,Cắt Tỉa 6 Sao,9,1000000.0,100000.0,2025-02-06,2025-02-20,1,0,0,0,0.0,1000000.0
2025-03-25,12,Phẫu Thuật Tại Gia,4,1000000.0,20000.0,2025-02-06,2025-02-27,1,0,0,0,0.0,1000000.0
2025-03-25,15,Cắt Tóc Tại Chuồng,0,200000.0,20000.0,2025-03-17,2025-03-18,1,0,0,0,0.0,200000.0
2025-03-25,11,Nutritional counseling,6,120000.0,0.0,1900-01-01,1900-01-01,1,0,0,0,0.0,120000.0
2025-03-25,10,Deworming,6,140000.0,0.0,1900-01-01,1900-01-01,1,0,0,0,0.0,140000.0
2025-03-25,6,Dermatology services,6,140000.0,0.0,1900-01-01,1900-01-01,1,0,0,0,0.0,140000.0
2025-03-25,14,Làm Spa 4 Sao,0,521000.0,20000.0,2025-03-15,2025-04-05,1,0,0,1,0.0,501000.0
2025-03-25,19,test lại xem ok chưa nhỉ?,5,100.0,100.0,2025-03-11,2025-06-17,1,0,0,1,0.0,0.0
2025-03-25,13,uiiaiuiiaiiuiiaiuiia,5,1000000.0,100.0,2025-03-11,2025-06-17,1,0,0,1,0.0,999900.0
2025-03-25,18,Grooming ,8,140000.0,0.0,2025-03-05,2025-04-05,1,0,0,1,0.0,140000.0
2025-03-25,7,AAAAAAAAAAA,5,10000.0,1000.0,2025-03-11,2025-03-17,1,0,0,0,0.0,10000.0
2025-03-25,4,string,0,110.0,0.0,1900-01-01,1900-01-01,1,0,0,0,0.0,110.0
2025-03-25,5,Phẫu Thuật Lấy Liền,4,500000.0,0.0,1900-01-01,1900-01-01,1,0,0,0,0.0,500000.0
2025-03-25,1,1,0,1.0,7.0,2025-03-04,2025-03-03,1,0,0,0,0.0,1.0
2025-03-25,3,tỉa lông tại tiệm,6,40.0,7.0,2025-03-04,2025-03-05,1,0,0,0,0.0,40.0
2025-03-25,16,Spa Hạng Sang,0,900000.0,0.0,1900-01-01,1900-01-01,1,0,0,0,0.0,900000.0
2025-03-25,2,General health check-up,3,70000.0,0.0,1900-01-01,1900-01-01,1,0,0,0,0.0,70000.0
2025-03-25,0,Ophthalmology services,3,100000.0,0.0,1900-01-01,1900-01-01,1,0,0,0,0.0,100000.0
2025-03-25,17,Chăm Sóc Tại Gia,7,30000.0,1.0,2025-02-04,2025-02-27,1,0,0,0,0.0,30000.0
2025-03-25,20,Cat Nail Trims,2,45000.0,0.0,1900-01-01,1900-01-01,1,0,0,0,0.0,45000.0
2025-03-25,8,ho van loc an,1,30000.0,5.0,2025-03-04,2025-03-29,1,0,0,1,0.0,29995.0
2025-03-26,9,Cắt Tỉa 6 Sao,9,1000000.0,100000.0,2025-02-06,2025-02-20,2,0,0,0,0.0,1000000.0
2025-03-26,12,Phẫu Thuật Tại Gia,4,1000000.0,20000.0,2025-02-06,2025-02-27,2,0,0,0,0.0,1000000.0
2025-03-26,15,Cắt Tóc Tại Chuồng,0,200000.0,20000.0,2025-03-17,2025-03-18,2,0,0,0,0.0,200000.0
2025-03-26,11,Nutritional counseling,6,120000.0,0.0,1900-01-01,1900-01-01,2,0,0,0,0.0,120000.0
2025-03-26,10,Deworming,6,140000.0,0.0,1900-01-01,1900-01-01,2,0,0,0,0.0,140000.0
2025-03-26,6,Dermatology services,6,140000.0,0.0,1900-01-01,1900-01-01,2,0,0,0,0.0,140000.0
2025-03-26,14,Làm Spa 4 Sao,0,521000.0,20000.0,2025-03-15,2025-04-05,2,0,0,1,0.0,501000.0
2025-03-26,19,test lại xem ok chưa nhỉ?,5,100.0,100.0,2025-03-11,2025-06-17,2,0,0,1,0.0,0.0
2025-03-26,13,uiiaiuiiaiiuiiaiuiia,5,1000000.0,100.0,2025-03-11,2025-06-17,2,0,0,1,0.0,999900.0
2025-03-26,18,Grooming ,8,140000.0,0.0,2025-03-05,2025-04-05,2,0,0,1,0.0,140000.0
2025-03-26,7,AAAAAAAAAAA,5,10000.0,1000.0,2025-03-11,2025-03-17,2,0,0,0,0.0,10000.0
2025-03-26,4,string,0,110.0,0.0,1900-01-01,1900-01-01,2,0,0,0,0.0,110.0
2025-03-26,5,Phẫu Thuật Lấy Liền,4,500000.0,0.0,1900-01-01,1900-01-01,2,0,0,0,0.0,500000.0
2025-03-26,1,1,0,1.0,7.0,2025-03-04,2025-03-03,2,0,0,0,0.0,1.0
2025-03-26,3,tỉa lông tại tiệm,6,40.0,7.0,2025-03-04,2025-03-05,2,0,0,0,0.0,40.0
2025-03-26,16,Spa Hạng Sang,0,900000.0,0.0,1900-01-01,1900-01-01,2,0,0,0,0.0,900000.0
2025-03-26,2,General health check-up,3,70000.0,0.0,1900-01-01,1900-01-01,2,0,0,0,0.0,70000.0
2025-03-26,0,Ophthalmology services,3,100000.0,0.0,1900-01-01,1900-01-01,2,0,0,0,0.0,100000.0
2025-03-26,17,Chăm Sóc Tại Gia,7,30000.0,1.0,2025-02-04,2025-02-27,2,0,0,0,0.0,30000.0
2025-03-26,20,Cat Nail Trims,2,45000.0,0.0,1900-01-01,1900-01-01,2,0,0,0,0.0,45000.0
2025-03-26,8,ho van loc an,1,30000.0,5.0,2025-03-04,2025-03-29,2,0,0,1,0.0,29995.0
2025-03-27,9,Cắt Tỉa 6 Sao,9,1000000.0,100000.0,2025-02-06,2025-02-20,3,0,0,0,0.0,1000000.0
2025-03-27,12,Phẫu Thuật Tại Gia,4,1000000.0,20000.0,2025-02-06,2025-02-27,3,0,0,0,0.0,1000000.0
2025-03-27,15,Cắt Tóc Tại Chuồng,0,200000.0,20000.0,2025-03-17,2025-03-18,3,0,0,0,0.0,200000.0
2025-03-27,11,Nutritional counseling,6,120000.0,0.0,1900-01-01,1900-01-01,3,0,0,0,0.0,120000.0
2025-03-27,10,Deworming,6,140000.0,0.0,1900-01-01,1900-01-01,3,0,0,0,0.0,140000.0
2025-03-27,6,Dermatology services,6,140000.0,0.0,1900-01-01,1900-01-01,3,0,0,0,0.0,140000.0
2025-03-27,14,Làm Spa 4 Sao,0,521000.0,20000.0,2025-03-15,2025-04-05,3,0,0,1,0.0,501000.0
2025-03-27,19,test lại xem ok chưa nhỉ?,5,100.0,100.0,2025-03-11,2025-06-17,3,0,0,1,0.0,0.0
2025-03-27,13,uiiaiuiiaiiuiiaiuiia,5,1000000.0,100.0,2025-03-11,2025-06-17,3,0,0,1,0.0,999900.0
2025-03-27,18,Grooming ,8,140000.0,0.0,2025-03-05,2025-04-05,3,0,0,1,0.0,140000.0
2025-03-27,7,AAAAAAAAAAA,5,10000.0,1000.0,2025-03-11,2025-03-17,3,0,0,0,0.0,10000.0
2025-03-27,4,string,0,110.0,0.0,1900-01-01,1900-01-01,3,0,0,0,0.0,110.0
2025-03-27,5,Phẫu Thuật Lấy Liền,4,500000.0,0.0,1900-01-01,1900-01-01,3,0,0,0,0.0,500000.0
2025-03-27,1,1,0,1.0,7.0,2025-03-04,2025-03-03,3,0,0,0,0.0,1.0
2025-03-27,3,tỉa lông tại tiệm,6,40.0,7.0,2025-03-04,2025-03-05,3,0,0,0,0.0,40.0
2025-03-27,16,Spa Hạng Sang,0,900000.0,0.0,1900-01-01,1900-01-01,3,0,0,0,0.0,900000.0
2025-03-27,2,General health check-up,3,70000.0,0.0,1900-01-01,1900-01-01,3,0,0,0,0.0,70000.0
2025-03-27,0,Ophthalmology services,3,100000.0,0.0,1900-01-01,1900-01-01,3,0,0,0,1.0,100000.0
2025-03-27,17,Chăm Sóc Tại Gia,7,30000.0,1.0,2025-02-04,2025-02-27,3,0,0,0,0.0,30000.0
2025-03-27,20,Cat Nail Trims,2,45000.0,0.0,1900-01-01,1900-01-01,3,0,0,0,0.0,45000.0
2025-03-27,8,ho van loc an,1,30000.0,5.0,2025-03-04,2025-03-29,3,0,0,1,0.0,29995.0
2025-03-28,9,Cắt Tỉa 6 Sao,9,1000000.0,100000.0,2025-02-06,2025-02-20,4,0,0,0,0.0,1000000.0
2025-03-28,12,Phẫu Thuật Tại Gia,4,1000000.0,20000.0,2025-02-06,2025-02-27,4,0,0,0,0.0,1000000.0
2025-03-28,15,Cắt Tóc Tại Chuồng,0,200000.0,20000.0,2025-03-17,2025-03-18,4,0,0,0,0.0,200000.0
2025-03-28,11,Nutritional counseling,6,120000.0,0.0,1900-01-01,1900-01-01,4,0,0,0,0.0,120000.0
2025-03-28,10,Deworming,6,140000.0,0.0,1900-01-01,1900-01-01,4,0,0,0,1.0,140000.0
2025-03-28,6,Dermatology services,6,140000.0,0.0,1900-01-01,1900-01-01,4,0,0,0,0.0,140000.0
2025-03-28,14,Làm Spa 4 Sao,0,521000.0,20000.0,2025-03-15,2025-04-05,4,0,0,1,0.0,501000.0
2025-03-28,19,test lại xem ok chưa nhỉ?,5,100.0,100.0,2025-03-11,2025-06-17,4,0,0,1,0.0,0.0
2025-03-28,13,uiiaiuiiaiiuiiaiuiia,5,1000000.0,100.0,2025-03-11,2025-06-17,4,0,0,1,0.0,999900.0
2025-03-28,18,Grooming ,8,140000.0,0.0,2025-03-05,2025-04-05,4,0,0,1,0.0,140000.0
2025-03-28,7,AAAAAAAAAAA,5,10000.0,1000.0,2025-03-11,2025-03-17,4,0,0,0,0.0,10000.0
2025-03-28,4,string,0,110.0,0.0,1900-01-01,1900-01-01,4,0,0,0,0.0,110.0
2025-03-28,5,Phẫu Thuật Lấy Liền,4,500000.0,0.0,1900-01-01,1900-01-01,4,0,0,0,0.0,500000.0
2025-03-28,1,1,0,1.0,7.0,2025-03-04,2025-03-03,4,0,0,0,0.0,1.0
2025-03-28,3,tỉa lông tại tiệm,6,40.0,7.0,2025-03-04,2025-03-05,4,0,0,0,0.0,40.0
2025-03-28,16,Spa Hạng Sang,0,900000.0,0.0,1900-01-01,1900-01-01,4,0,0,0,0.0,900000.0
2025-03-28,2,General health check-up,3,70000.0,0.0,1900-01-01,1900-01-01,4,0,0,0,0.0,70000.0
2025-03-28,0,Ophthalmology services,3,100000.0,0.0,1900-01-01,1900-01-01,4,0,0,0,0.0,100000.0
2025-03-28,17,Chăm Sóc Tại Gia,7,30000.0,1.0,2025-02-04,2025-02-27,4,0,0,0,0.0,30000.0
2025-03-28,20,Cat Nail Trims,2,45000.0,0.0,1900-01-01,1900-01-01,4,0,0,0,0.0,45000.0
2025-03-28,8,ho van loc an,1,30000.0,5.0,2025-03-04,2025-03-29,4,0,0,1,0.0,29995.0
2025-03-29,9,Cắt Tỉa 6 Sao,9,1000000.0,100000.0,2025-02-06,2025-02-20,5,1,0,0,0.0,1000000.0
2025-03-29,12,Phẫu Thuật Tại Gia,4,1000000.0,20000.0,2025-02-06,2025-02-27,5,1,0,0,0.0,1000000.0
2025-03-29,15,Cắt Tóc Tại Chuồng,0,200000.0,20000.0,2025-03-17,2025-03-18,5,1,0,0,0.0,200000.0
2025-03-29,11,Nutritional counseling,6,120000.0,0.0,1900-01-01,1900-01-01,5,1,0,0,0.0,120000.0
2025-03-29,10,Deworming,6,140000.0,0.0,1900-01-01,1900-01-01,5,1,0,0,0.0,140000.0
2025-03-29,6,Dermatology services,6,140000.0,0.0,1900-01-01,1900-01-01,5,1,0,0,0.0,140000.0
2025-03-29,14,Làm Spa 4 Sao,0,521000.0,20000.0,2025-03-15,2025-04-05,5,1,0,1,0.0,501000.0
2025-03-29,19,test lại xem ok chưa nhỉ?,5,100.0,100.0,2025-03-11,2025-06-17,5,1,0,1,0.0,0.0
2025-03-29,13,uiiaiuiiaiiuiiaiuiia,5,1000000.0,100.0,2025-03-11,2025-06-17,5,1,0,1,0.0,999900.0
2025-03-29,18,Grooming ,8,140000.0,0.0,2025-03-05,2025-04-05,5,1,0,1,0.0,140000.0
2025-03-29,7,AAAAAAAAAAA,5,10000.0,1000.0,2025-03-11,2025-03-17,5,1,0,0,0.0,10000.0
2025-03-29,4,string,0,110.0,0.0,1900-01-01,1900-01-01,5,1,0,0,0.0,110.0
2025-03-29,5,Phẫu Thuật Lấy Liền,4,500000.0,0.0,1900-01-01,1900-01-01,5,1,0,0,0.0,500000.0
2025-03-29,1,1,0,1.0,7.0,2025-03-04,2025-03-03,5,1,0,0,0.0,1.0
2025-03-29,3,tỉa lông tại tiệm,6,40.0,7.0,2025-03-04,2025-03-05,5,1,0,0,0.0,40.0
2025-03-29,16,Spa Hạng Sang,0,900000.0,0.0,1900-01-01,1900-01-01,5,1,0,0,0.0,900000.0
2025-03-29,2,General health check-up,3,70000.0,0.0,1900-01-01,1900-01-01,5,1,0,0,0.0,70000.0
2025-03-29,0,Ophthalmology services,3,100000.0,0.0,1900-01-01,1900-01-01,5,1,0,0,0.0,100000.0
2025-03-29,17,Chăm Sóc Tại Gia,7,30000.0,1.0,2025-02-04,2025-02-27,5,1,0,0,0.0,30000.0
2025-03-29,20,Cat Nail Trims,2,45000.0,0.0,1900-01-01,1900-01-01,5,1,0,0,0.0,45000.0
2025-03-29,8,ho van loc an,1,30000.0,5.0,2025-03-04,2025-03-29,5,1,0,1,0.0,29995.0
2025-03-30,9,Cắt Tỉa 6 Sao,9,1000000.0,100000.0,2025-02-06,2025-02-20,6,1,0,0,0.0,1000000.0
2025-03-30,12,Phẫu Thuật Tại Gia,4,1000000.0,20000.0,2025-02-06,2025-02-27,6,1,0,0,0.0,1000000.0
2025-03-30,15,Cắt Tóc Tại Chuồng,0,200000.0,20000.0,2025-03-17,2025-03-18,6,1,0,0,0.0,200000.0
2025-03-30,11,Nutritional counseling,6,120000.0,0.0,1900-01-01,1900-01-01,6,1,0,0,0.0,120000.0
2025-03-30,10,Deworming,6,140000.0,0.0,1900-01-01,1900-01-01,6,1,0,0,0.0,140000.0
2025-03-30,6,Dermatology services,6,140000.0,0.0,1900-01-01,1900-01-01,6,1,0,0,0.0,140000.0
2025-03-30,14,Làm Spa 4 Sao,0,521000.0,20000.0,2025-03-15,2025-04-05,6,1,0,1,0.0,501000.0
2025-03-30,19,test lại xem ok chưa nhỉ?,5,100.0,100.0,2025-03-11,2025-06-17,6,1,0,1,0.0,0.0
2025-03-30,13,uiiaiuiiaiiuiiaiuiia,5,1000000.0,100.0,2025-03-11,2025-06-17,6,1,0,1,0.0,999900.0
2025-03-30,18,Grooming ,8,140000.0,0.0,2025-03-05,2025-04-05,6,1,0,1,0.0,140000.0
2025-03-30,7,AAAAAAAAAAA,5,10000.0,1000.0,2025-03-11,2025-03-17,6,1,0,0,0.0,10000.0
2025-03-30,4,string,0,110.0,0.0,1900-01-01,1900-01-01,6,1,0,0,0.0,110.0
2025-03-30,5,Phẫu Thuật Lấy Liền,4,500000.0,0.0,1900-01-01,1900-01-01,6,1,0,0,0.0,500000.0
2025-03-30,1,1,0,1.0,7.0,2025-03-04,2025-03-03,6,1,0,0,0.0,1.0
2025-03-30,3,tỉa lông tại tiệm,6,40.0,7.0,2025-03-04,2025-03-05,6,1,0,0,0.0,40.0
2025-03-30,16,Spa Hạng Sang,0,900000.0,0.0,1900-01-01,1900-01-01,6,1,0,0,0.0,900000.0
2025-03-30,2,General health check-up,3,70000.0,0.0,1900-01-01,1900-01-01,6,1,0,0,0.0,70000.0
2025-03-30,0,Ophthalmology services,3,100000.0,0.0,1900-01-01,1900-01-01,6,1,0,0,0.0,100000.0
2025-03-30,17,Chăm Sóc Tại Gia,7,30000.0,1.0,2025-02-04,2025-02-27,6,1,0,0,0.0,30000.0
2025-03-30,20,Cat Nail Trims,2,45000.0,0.0,1900-01-01,1900-01-01,6,1,0,0,0.0,45000.0
2025-03-30,8,ho van loc an,1,30000.0,5.0,2025-03-04,2025-03-29,6,1,0,0,0.0,30000.0
2025-03-31,9,Cắt Tỉa 6 Sao,9,1000000.0,100000.0,2025-02-06,2025-02-20,0,0,0,0,0.0,1000000.0
2025-03-31,12,Phẫu Thuật Tại Gia,4,1000000.0,20000.0,2025-02-06,2025-02-27,0,0,0,0,0.0,1000000.0
2025-03-31,15,Cắt Tóc Tại Chuồng,0,200000.0,20000.0,2025-03-17,2025-03-18,0,0,0,0,1.0,200000.0
2025-03-31,11,Nutritional counseling,6,120000.0,0.0,1900-01-01,1900-01-01,0,0,0,0,0.0,120000.0
2025-03-31,10,Deworming,6,140000.0,0.0,1900-01-01,1900-01-01,0,0,0,0,0.0,140000.0
2025-03-31,6,Dermatology services,6,140000.0,0.0,1900-01-01,1900-01-01,0,0,0,0,0.0,140000.0
2025-03-31,14,Làm Spa 4 Sao,0,521000.0,20000.0,2025-03-15,2025-04-05,0,0,0,1,0.0,501000.0
2025-03-31,19,test lại xem ok chưa nhỉ?,5,100.0,100.0,2025-03-11,2025-06-17,0,0,0,1,0.0,0.0
2025-03-31,13,uiiaiuiiaiiuiiaiuiia,5,1000000.0,100.0,2025-03-11,2025-06-17,0,0,0,1,0.0,999900.0
2025-03-31,18,Grooming ,8,140000.0,0.0,2025-03-05,2025-04-05,0,0,0,1,0.0,140000.0
2025-03-31,7,AAAAAAAAAAA,5,10000.0,1000.0,2025-03-11,2025-03-17,0,0,0,0,0.0,10000.0
2025-03-31,4,string,0,110.0,0.0,1900-01-01,1900-01-01,0,0,0,0,0.0,110.0
2025-03-31,5,Phẫu Thuật Lấy Liền,4,500000.0,0.0,1900-01-01,1900-01-01,0,0,0,0,0.0,500000.0
2025-03-31,1,1,0,1.0,7.0,2025-03-04,2025-03-03,0,0,0,0,0.0,1.0
2025-03-31,3,tỉa lông tại tiệm,6,40.0,7.0,2025-03-04,2025-03-05,0,0,0,0,0.0,40.0
2025-03-31,16,Spa Hạng Sang,0,900000.0,0.0,1900-01-01,1900-01-01,0,0,0,0,0.0,900000.0
2025-03-31,2,General health check-up,3,70000.0,0.0,1900-01-01,1900-01-01,0,0,0,0,0.0,70000.0
2025-03-31,0,Ophthalmology services,3,100000.0,0.0,1900-01-01,1900-01-01,0,0,0,0,0.0,100000.0
2025-03-31,17,Chăm Sóc Tại Gia,7,30000.0,1.0,2025-02-04,2025-02-27,0,0,0,0,0.0,30000.0
2025-03-31,20,Cat Nail Trims,2,45000.0,0.0,1900-01-01,1900-01-01,0,0,0,0,0.0,45000.0
2025-03-31,8,ho van loc an,1,30000.0,5.0,2025-03-04,2025-03-29,0,0,0,0,0.0,30000.0
2025-04-01,9,Cắt Tỉa 6 Sao,9,1000000.0,100000.0,2025-02-06,2025-02-20,1,0,0,0,0.0,1000000.0
2025-04-01,12,Phẫu Thuật Tại Gia,4,1000000.0,20000.0,2025-02-06,2025-02-27,1,0,0,0,0.0,1000000.0
2025-04-01,15,Cắt Tóc Tại Chuồng,0,200000.0,20000.0,2025-03-17,2025-03-18,1,0,0,0,0.0,200000.0
2025-04-01,11,Nutritional counseling,6,120000.0,0.0,1900-01-01,1900-01-01,1,0,0,0,0.0,120000.0
2025-04-01,10,Deworming,6,140000.0,0.0,1900-01-01,1900-01-01,1,0,0,0,2.0,140000.0
2025-04-01,6,Dermatology services,6,140000.0,0.0,1900-01-01,1900-01-01,1,0,0,0,0.0,140000.0
2025-04-01,14,Làm Spa 4 Sao,0,521000.0,20000.0,2025-03-15,2025-04-05,1,0,0,1,0.0,501000.0
2025-04-01,19,test lại xem ok chưa nhỉ?,5,100.0,100.0,2025-03-11,2025-06-17,1,0,0,1,0.0,0.0
2025-04-01,13,uiiaiuiiaiiuiiaiuiia,5,1000000.0,100.0,2025-03-11,2025-06-17,1,0,0,1,0.0,999900.0
2025-04-01,18,Grooming ,8,140000.0,0.0,2025-03-05,2025-04-05,1,0,0,1,0.0,140000.0
2025-04-01,7,AAAAAAAAAAA,5,10000.0,1000.0,2025-03-11,2025-03-17,1,0,0,0,0.0,10000.0
2025-04-01,4,string,0,110.0,0.0,1900-01-01,1900-01-01,1,0,0,0,0.0,110.0
2025-04-01,5,Phẫu Thuật Lấy Liền,4,500000.0,0.0,1900-01-01,1900-01-01,1,0,0,0,0.0,500000.0
2025-04-01,1,1,0,1.0,7.0,2025-03-04,2025-03-03,1,0,0,0,0.0,1.0
2025-04-01,3,tỉa lông tại tiệm,6,40.0,7.0,2025-03-04,2025-03-05,1,0,0,0,0.0,40.0
2025-04-01,16,Spa Hạng Sang,0,900000.0,0.0,1900-01-01,1900-01-01,1,0,0,0,0.0,900000.0
2025-04-01,2,General health check-up,3,70000.0,0.0,1900-01-01,1900-01-01,1,0,0,0,0.0,70000.0
2025-04-01,0,Ophthalmology services,3,100000.0,0.0,1900-01-01,1900-01-01,1,0,0,0,0.0,100000.0
2025-04-01,17,Chăm Sóc Tại Gia,7,30000.0,1.0,2025-02-04,2025-02-27,1,0,0,0,1.0,30000.0
2025-04-01,20,Cat Nail Trims,2,45000.0,0.0,1900-01-01,1900-01-01,1,0,0,0,3.0,45000.0
2025-04-01,8,ho van loc an,1,30000.0,5.0,2025-03-04,2025-03-29,1,0,0,0,0.0,30000.0
2025-04-02,9,Cắt Tỉa 6 Sao,9,1000000.0,100000.0,2025-02-06,2025-02-20,2,0,0,0,0.0,1000000.0
2025-04-02,12,Phẫu Thuật Tại Gia,4,1000000.0,20000.0,2025-02-06,2025-02-27,2,0,0,0,0.0,1000000.0
2025-04-02,15,Cắt Tóc Tại Chuồng,0,200000.0,20000.0,2025-03-17,2025-03-18,2,0,0,0,0.0,200000.0
2025-04-02,11,Nutritional counseling,6,120000.0,0.0,1900-01-01,1900-01-01,2,0,0,0,0.0,120000.0
2025-04-02,10,Deworming,6,140000.0,0.0,1900-01-01,1900-01-01,2,0,0,0,0.0,140000.0
2025-04-02,6,Dermatology services,6,140000.0,0.0,1900-01-01,1900-01-01,2,0,0,0,0.0,140000.0
2025-04-02,14,Làm Spa 4 Sao,0,521000.0,20000.0,2025-03-15,2025-04-05,2,0,0,1,0.0,501000.0
2025-04-02,19,test lại xem ok chưa nhỉ?,5,100.0,100.0,2025-03-11,2025-06-17,2,0,0,1,0.0,0.0
2025-04-02,13,uiiaiuiiaiiuiiaiuiia,5,1000000.0,100.0,2025-03-11,2025-06-17,2,0,0,1,0.0,999900.0
2025-04-02,18,Grooming ,8,140000.0,0.0,2025-03-05,2025-04-05,2,0,0,1,0.0,140000.0
2025-04-02,7,AAAAAAAAAAA,5,10000.0,1000.0,2025-03-11,2025-03-17,2,0,0,0,0.0,10000.0
2025-04-02,4,string,0,110.0,0.0,1900-01-01,1900-01-01,2,0,0,0,0.0,110.0
2025-04-02,5,Phẫu Thuật Lấy Liền,4,500000.0,0.0,1900-01-01,1900-01-01,2,0,0,0,0.0,500000.0
2025-04-02,1,1,0,1.0,7.0,2025-03-04,2025-03-03,2,0,0,0,0.0,1.0
2025-04-02,3,tỉa lông tại tiệm,6,40.0,7.0,2025-03-04,2025-03-05,2,0,0,0,0.0,40.0
2025-04-02,16,Spa Hạng Sang,0,900000.0,0.0,1900-01-01,1900-01-01,2,0,0,0,0.0,900000.0
2025-04-02,2,General health check-up,3,70000.0,0.0,1900-01-01,1900-01-01,2,0,0,0,0.0,70000.0
2025-04-02,0,Ophthalmology services,3,100000.0,0.0,1900-01-01,1900-01-01,2,0,0,0,0.0,100000.0
2025-04-02,17,Chăm Sóc Tại Gia,7,30000.0,1.0,2025-02-04,2025-02-27,2,0,0,0,0.0,30000.0
2025-04-02,20,Cat Nail Trims,2,45000.0,0.0,1900-01-01,1900-01-01,2,0,0,0,0.0,45000.0
2025-04-02,8,ho van loc an,1,30000.0,5.0,2025-03-04,2025-03-29,2,0,0,0,2.0,30000.0
